firstname,password,address,ssn,id
59ff5b7d7a4a1c35a6eaad5e62d91a23,47bce5c74f589f4867dbd57e9ca9f808,wasrace,d958dc67a70988626e1c1fdcbeaeb422,dead
0202fae997eaa19eb229e0f0a2d7c261,01b97479b7b9e6cd8e57fb25bad87450,shehurry,e1cf5ec5c058a41ecc52dcd4ccaddf2d,thing
96ab8c2c124095fc49ba59b98286eaa1,3367ed4b1e448b1d0e442704b149ae91,grasssoldier,5dc8137fe89c4484f32c04f5e5dd5341,tire
9a9d92b214442a775c74f74f285ec93c,c1dd8a9df6fb2fd0dbb64de24943831d,homehad,922c97c42a51cd3ed4240eb02e12f72c,differ
b52f3bf57b15429584730482099c4b3c,a98578a425ef556f64b79bc32663e67e,endsegment,5c77be3b0518338027a199af39018c31,kill
f034f363ebb720ceb1da9f590b2d92c9,71ff796c1540946d6e468a1356d59cd6,consonantdown,7c48832173282df8f01b74366de5aa95,touch
d48768dc340af6b2d4197533fde5ac05,b72b9eb3bbe5f470fc63a49d984ca539,poemloud,d077f244def8a70e5ea758bd8352fcd8,melody
419f0e524770d468eac66c7bf56b0004,424f69cfca795a4d341a231d3c5bc353,won'tstrange,608c2c75d3baaee1c98f0525e72a41b1,probable
daea7828a1485c1841e8a627c59c690f,74cbc00e906c0bb04bd22b7bdbb56f27,eyecountry,ef29ab88c010e4c9af4d3ac3a0e3185b,their
63a955b8628bea1da5ecbf4f96ae1490,7fe80eabfeb6aad649f6223b98573b09,requireteeth,38722476e8aa6d8587bb5b2c4478fdb7,word
d51cf146d61ef68c939c2a45c83656b7,160b1ceb60a21cb29d45942980dde14b,breadsearch,fbace25e1e51e212686c0e89e5984c51,saw
934b8911c9d69c32f40d400ac5bf5e5f,06d80eb0c50b49a509b49f2424e8c805,stickare,2be86477889181d7fce85e0c8227337a,lost
57891736e4d50218763c77cb1a320f2c,37fefe5af53303d57860b3be704c261f,downgreat,52a5f58929c2815764f7ff6a04bc6cda,symbol
ecc234068f45716d6a2ff583c8ddd5dc,89d84f0adf7a70aa68dc41f18f562aa0,happenshare,de172640e37c94ebf20f97c536d05006,sound
824bc56ed5c5358c157501612552109a,9f67e668315f935b806e3b88206acd9b,probablefly,879a1560386782bb2c377725e55dedf7,element
670f7308bfba1f674e9e73ddfadc8c1d,55afd67d021338c9ff2a1b9e7d4fccfd,steamhard,8e4f3ab111e96c1a11c5ec2e2b90de90,act
dbc3d3e9cee0c9b1c84e2f8fe418170f,fd8c73adfb76692561b5a82cab375686,ohrest,550657fdec9636fd2d5c529b8bc1678e,cell
cf4c452bb11f02d03e8b447b22e00391,57b59bc872cbf4a7e59bd9312b16ae33,guideindustry,79b91d24a18240f1375c700f6d792918,distant
36fb3e471375f6a9bf2bfc4885abdbe3,c3c6b7011e86447d332dd6cc4d4594a4,valleycomplete,537a3c51d890606eb1d33a97542193a6,wish
e1169857c0d0042c5864a23d9f206266,0e3fd977d85add349a46b68233fb881a,backsave,4cca171efa114da4bc58b761d319c457,busy
dc206e94ff652d474d2df04ddf8d59d1,644553f4a398f3df76ff99ecc094500a,feltskin,71f56a19e5bec6b35f98cda91f4d1a80,right
b420f1b2bc6dc5d61e376fa8cc2b14d0,3d97ffacfd4cd705d48102bba8b85540,basesurprise,eb76732f9c4d853e474a00c039dec09d,said
086e737e979ad6f238ee01f687a68cf9,9f71f8ad697e03982db60fea25156830,setdeep,068999b596361897b819975d3042a502,last
b73d7f0ae7ef16fe90a12b99c43aa26c,9ff0095749f3b3c86a9a5f6d969360b8,wantis,a97acd464495e8d6fbed8000d5af58f4,current
5ff39c0ff831f2c811a5d07c1962ecad,680aa7a3c13c2ef7bbb0306190df2995,liquidthousand,5ba531c49d754bcbbc5c4e04609828ce,chance
5a431a860bff895f89b2dabbbce6fccc,4c1b68fb4a0176e3ec44a35a85486f0f,bychild,d947bbf86f41500fd42f8ea0a4b46c5b,test
d065d7b31bd2e3eaa7680666d9235c2c,e05ba996420d3d975bf6a02ad2930e0b,symbolcharge,2d04e9668ad0fd315f057ec1470223ee,there
f6b126793420328c5c69f4fc2f8e7647,c2c066c7f6974f861881747ac4673649,woodgarden,737cd326c483ed0d57c7e8fb2213cf49,hit
577c73fcfc3c735570161c9ed08d97bd,b879ec12096539f2bd39ce0808ca930d,sonwife,d9a2732eac92ae0a7514f290cab7a173,doctor
bf134e063c810f35e3066dc974b7300c,ba9cf878ac8eb1c2ec1f9d9dc64a4a81,evervisit,3b7c6319b34d07597e597847e3bf6018,lay
6f7554353361c3651f0273baacf42bc7,418afec28438e8d07f4ceaf9195a9976,pictureyet,0f5786d08260d470eb682010849f4f00,difficult
5ff6693384288649e8da4152bfc2823b,b635b5a53e5993e6c52752029b2aeb93,blowdon't,c48e92f33d82c0b00dc842693135a8c1,face
8b4cfbfc1e1de67a3322a35497d81c83,660dedfd9e83c6fc4eddeaab199ff8ef,thousandrain,5de15bc6af73399e1c2a43a4ec33c3e9,expect
641861237ba34e541089d8310c5fa244,78075ac6929e83914fee6c75405f676e,nothingcow,8cb885ae05b80070461db5536dee5ee4,continent
2ebfb29224d008a85d97dd6d32e1a5f9,747f374ac7090c4a3f29941e85276e5f,wasbook,79e0c534680e16be1afe7d0f34ecf004,distant
eac5d082304261f86e2214bc2ea0e07e,90128cb6514592dcfa7c9638493ee7c1,windowrange,29d525eb50374977438c50a113c29c11,often
24b657c03407ea9814183868570515bc,a21b86c2f7ec1db1a5db760c97c44131,circleseed,41b6dc7cb0a5099a22dd07d0ab0ada1a,decimal
69318886180a5114579c58a7fedc7abc,f9e08c0d072e3fbc99a20ff19cc2c58f,westcarry,a95f45a3e42ebd21dc1cd97b4f4391b3,kept
9fddf66bb6990f5e7eab3c26db88097e,ea94798438061b376a7aad091fcef905,storywater,6ac86b6b3bf2290ac185e1ffa1a04d0f,final
eadee35646c787ec4c317875f53d3da3,fc5fa93cdab47d185496a1dcd5bee316,won'tbegin,bb9cdabc0e84fd38272a1614a579b009,wear
26a10ea6a2bf1d6dadc6680ac2d3b123,b7f049879ba651a3c24eff19e6d03de1,pitchshop,0297d45e6b95ac126ff75769d5a9d4b4,imagine
c12ac66e66892553b4ac033d69bdb160,06d80eb0c50b49a509b49f2424e8c805,decideteam,9a6e12dde4ac19c552c831f4604ff188,match
717d8ba41c427c95d86c6fe5851bbfac,39b393f5e5c663f0a79e329af5a9cfcc,ladyeffect,a525f3ee1bc319797593ea84d56ff5bf,shore
96fb2901f0a5b823d6a820e5f927be79,548d89dedccf936a4790ec4d5b288eba,areasnow,1640382387c37fd4472d51f529ea195b,make
033ac220b50ecc4cf6d89ab4be5b6477,7ba762d87b77d594dee7ad9caf5e5563,doubleidea,6613120afa6c4b9acad4ea12870176e7,say
11cafa4d4e0776a44f0dfc59a1e55aea,67bfd2e10f44d176eef528b42b589f04,tonespring,f6b084fa78eadbf59ada645dc28f1131,horse
38b171215034344b4f471e4537cd4e09,bd3647765c0f8834239849a3ed2e2954,greenexperiment,ab42d40776db576e5b08f93b7dc0fc29,hat
8a812e4317e52c42dc106a8ae54ba035,88cda98f2c0ae7e0008428766bc18c88,rideshall,72e1d44a5cab63b5dfdae3b339ab294e,material
1000db490cb4c72c3835df0e97128e7d,e1bebbc3431315f68f3808ff57bd0da3,islanddictionary,c394d7aae309b4fc927d95ce216a1260,don't
98b73d30fda5901286bcdaef9295f98d,f101fe77418816792151909ba4721e9d,repeatperiod,5ad81afa858439d2a70620501b4d9d01,meet
